"","x"
"1","i"
"2","me"
"3","my"
"4","myself"
"5","we"
"6","our"
"7","ours"
"8","ourselves"
"9","you"
"10","your"
"11","yours"
"12","yourself"
"13","yourselves"
"14","he"
"15","him"
"16","his"
"17","himself"
"18","she"
"19","her"
"20","hers"
"21","herself"
"22","it"
"23","its"
"24","itself"
"25","they"
"26","them"
"27","their"
"28","theirs"
"29","themselves"
"30","what"
"31","which"
"32","who"
"33","whom"
"34","this"
"35","that"
"36","these"
"37","those"
"38","am"
"39","is"
"40","are"
"41","was"
"42","were"
"43","be"
"44","been"
"45","being"
"46","have"
"47","has"
"48","had"
"49","having"
"50","do"
"51","does"
"52","did"
"53","doing"
"54","would"
"55","should"
"56","could"
"57","ought"
"58","i'm"
"59","you're"
"60","he's"
"61","she's"
"62","it's"
"63","we're"
"64","they're"
"65","i've"
"66","you've"
"67","we've"
"68","they've"
"69","i'd"
"70","you'd"
"71","he'd"
"72","she'd"
"73","we'd"
"74","they'd"
"75","i'll"
"76","you'll"
"77","he'll"
"78","she'll"
"79","we'll"
"80","they'll"
"81","isn't"
"82","aren't"
"83","wasn't"
"84","weren't"
"85","hasn't"
"86","haven't"
"87","hadn't"
"88","doesn't"
"89","don't"
"90","didn't"
"91","won't"
"92","wouldn't"
"93","shan't"
"94","shouldn't"
"95","can't"
"96","cannot"
"97","couldn't"
"98","mustn't"
"99","let's"
"100","that's"
"101","who's"
"102","what's"
"103","here's"
"104","there's"
"105","when's"
"106","where's"
"107","why's"
"108","how's"
"109","a"
"110","an"
"111","the"
"112","and"
"113","but"
"114","if"
"115","or"
"116","because"
"117","as"
"118","until"
"119","while"
"120","of"
"121","at"
"122","by"
"123","for"
"124","with"
"125","about"
"126","against"
"127","between"
"128","into"
"129","through"
"130","during"
"131","before"
"132","after"
"133","above"
"134","below"
"135","to"
"136","from"
"137","up"
"138","down"
"139","in"
"140","out"
"141","on"
"142","off"
"143","over"
"144","under"
"145","again"
"146","further"
"147","then"
"148","once"
"149","here"
"150","there"
"151","when"
"152","where"
"153","why"
"154","how"
"155","all"
"156","any"
"157","both"
"158","each"
"159","few"
"160","more"
"161","most"
"162","other"
"163","some"
"164","such"
"165","no"
"166","nor"
"167","not"
"168","only"
"169","own"
"170","same"
"171","so"
"172","than"
"173","too"
"174","very"
"175","[
]"
"176","[
]"
"177","[]"
"178","abilities"
"179","ability"
"180","able"
"181","andor"
"182","blank"
"183","candidate"
"184","color"
"185","disability"
"186","disabled"
"187","discriminate"
"188","discrimination"
"189","eeo"
"190","eeo"
"191","eeo"
"192","eeo"
"193","employ"
"194","employee"
"195","employer"
"196","employment"
"197","eoe"
"198","equivalent"
"199","experience"
"200","follow"
"201","follows"
"202","full"
"203","include"
"204","included"
"205","includes"
"206","inform"
"207","job"
"208","knowledge"
"209","location"
"210","locations"
"211","minimum"
"212","must"
"213","nation"
"214","need"
"215","needs"
"216","open"
"217","open"
"218","opportunity"
"219","origin"
"220","perform"
"221","please"
"222","position"
"223","possess"
"224","possesses"
"225","qualifications"
"226","race"
"227","related"
"228","religion"
"229","require"
"230","required"
"231","required"
"232","required"
"233","requires"
"234","sex"
"235","sexual"
"236","skill"
"237","skills"
"238","special"
"239","specialization"
"240","specializations"
"241","state"
"242","statement"
"243","status"
"244","time"
"245","url"
"246","view"
"247","visit"
"248","will"
"249","willing"
"250","within "
"251","work"
"252","working"
"253","year"
"254","yearly"
"255","years"
"256","statement"
"257","rehabilitation"
"258","transparency"
"259","qaqc"
"260","consistent"
"261","heat"
"262","modules"
"263","expertise"
"264","api"
"265","emergency"
"266","pm"
"267","dr"
"268","aws"
"269","to"
"270","related"
"271","cad"
"272","prior"
"273","employee"
"274","actions"
"275","2760"
"276","security+"
"277","forecasting"
"278","oslash"
"279","vii"
"280","operation"
"281","animal"
"282","line"
"283","lan"
"284","cmscds"
"285","smithfield"
"286","literacy"
"287","demeanormust"
"288","mohawk"
"289","consistent"
"290","qa"
"291","plus"
"292","number"
"293","instructions"
"294","apis"
"295","transportation"
"296","heating"
"297","expert"
"298","emergency"
"299","axiom"
"300","prioritizationtime"
"301","to"
"302","reject"
"303","labor"
"304","sed"
"305","employees"
"306","action"
"307","255075"
"308","email"
"309","operational"
"310","cms"
"311","vignette"
"312","foreign"
"313","consistently"
"314","career"
"315","angularjs"
"316","insurance"
"317","demeanor"
"318","skills"
"319","nuclear"
"320","travel"
"321","plus"
"322","emergencies"
"323","molding"
"324","babok"
"325","q"
"326","nrpstable"
"327","hearing"
"328",""
"329","prioritiesmust"
"330","startups"
"331","laboratory"
"332","pneumatic"
"333","employer"
"334","2535"
"335","sediment"
"336","doubles"
"337","tivoli"
"338","acrobat"
"339","operations"
"340","cmo"
"341","view"
"342","careers"
"343","nt"
"344","construction"
"345","cloud"
"346","literate"
"347","constructing"
"348","instruments"
"349","travel"
"350","heart"
"351","baccalaureate"
"352","rice"
"353","down"
"354","skin"
"355","molecular"
"356","gauges"
"357","qualification"
"358","35"
"359","laboratory"
"360","priority"
"361","stata"
"362","title"
"363","point"
"364","acquistion"
"365","mcp"
"366","caring"
"367","travelrelocation"
"368","cloud"
"369","mon"
"370","demands"
"371","state"
"372","healthoffice"
"373","skills"
"374","plumbing"
"375","rhev"
"376","bs"
"377","gauge"
"378","qtp"
"379","exposure"
"380","3"
"381","donor"
"382","decimals"
"383","laboring"
"384","title"
"385","point"
"386","act"
"387","lcsw"
"388","organization"
"389","virginia"
"390","travelrelocation"
"391","closing"
"392","insurance"
"393","carpenter"
"394","list"
"395","skills"
"396","nursing"
"397","healthcare"
"398","rhelcentos"
"399","gcih"
"400","qsm"
"401","2nd"
"402","mite"
"403","proactive"
"404","rtm"
"405","babs"
"406","across"
"407","titan"
"408","pointe"
"409","jenkins"
"410","organization"
"411","closely"
"412","sleeves"
"413","construction"
"414","clothing"
"415","bash"
"416","lisa"
"417","nurse"
"418","card"
"419","revitautocad"
"420","health"
"421","mitigation"
"422","private"
"423","gced"
"424","qms"
"425","plumber"
"426","2d"
"427","explorer"
"428","domestic"
"429","dealer"
"430","times"
"431","points"
"432","jdk"
"433","oral"
"434","secret"
"435","organizational"
"436","violence"
"437","psychiatry"
"438","gasfitter"
"439","consulting"
"440","acuity"
"441","close"
"442","please"
"443","basic"
"444","treat"
"445","insync"
"446","nurse"
"447","employee"
"448","care"
"449","health"
"450","mix"
"451","reviews"
"452","300pm"
"453","psychological"
"454","integrating"
"455","proactiveselfdriven"
"456","domestically"
"457","timely"
"458","police"
"459","temp"
"460","jdbc"
"461","experience"
"462","secret"
"463","taekwondo"
"464","violation"
"465","activities"
"466","gas"
"467","care"
"468","consultant"
"469","treatment"
"470","sla"
"471","numbers"
"472","work"
"473","mobile"
"474","drive"
"475","heads"
"476","review"
"477","base"
"478","3x"
"479","proactive"
"480","coordination"
"481","timeproject"
"482","defects"
"483","skill"
"484","experience"
"485","order"
"486","jboss"
"487","secretariat"
"488","policies"
"489","slas"
"490","gathering"
"491","psychiatric"
"492","network"
"493","care"
"494","ada"
"495","clinician"
"496","trends"
"497","load"
"498","integrated"
"499","employability"
"500","review"
"501","mobility"
"502","pleasant"
"503","health"
"504","psychiatrist"
"505","30"
"506","probationary"
"507","using"
"508","time"
"509","order"
"510","exper"
"511","wordexceloutlook"
"512","jo"
"513","tact"
"514","section"
"515","acute"
"516","policiesprocedures"
"517","network"
"518","basis"
"519","any"
"520","trf"
"521","close"
"522","work"
"523","load"
"524","capable"
"525","probably"
"526","emphasis"
"527","modeling"
"528","time"
"529","players"
"530","head"
"531","six"
"532","integrative"
"533","policy"
"534","applicants"
"535","decisions"
"536","orders"
"537","exper"
"538","defect"
"539","jms"
"540","section"
"541","coordinator"
"542","active"
"543","tactfully"
"544","psychology"
"545","clinical"
"546","basisminimum"
"547","trial"
"548","skidsteer"
"549","role"
"550","empathy"
"551","negotiable"
"552","loader"
"553","applicants"
"554","gages"
"555","work"
"556","3540"
"557","capacity"
"558","timberville"
"559","public"
"560","player"
"561","modeling"
"562","headquarters"
"563","integrity"
"564","polished"
"565","decision"
"566","sections"
"567","ordinances"
"568","jira"
"569","tablet"
"570","actions"
"571","triggers"
"572","nepali"
"573","psychology"
"574","clinical"
"575","press"
"576","gage"
"577","situations"
"578","basic"
"579","rn"
"580","application"
"581","enhancements"
"582","moderate"
"583","loaded"
"584","342"
"585","word"
"586","experiences"
"587","tiles"
"588","player"
"589","hcm"
"590","polite"
"591","integration"
"592","sector"
"593","or"
"594","drawings"
"595","copy"
"596","jetter"
"597","networks"
"598","psychologist"
"599","actively"
"600","basis"
"601","moq"
"602","platforms"
"603","rma"
"604","capistrano"
"605","application"
"606","little"
"607","gaps"
"608","collaboration"
"609","339"
"610","word"
"611","tile"
"612","he"
"613","table"
"614","six"
"615","secured"
"616","polygraph"
"617","integration"
"618","experience"
"619","collaborative"
"620","oracle"
"621","drawingsspecs"
"622","copier"
"623","table"
"624","never"
"625","active"
"626","trips"
"627","plant"
"628","candidate"
"629","risk"
"630","months"
"631","literature"
"632","experienceeducation"
"633","tight"
"634","skilled"
"635","rights"
"636","backupdisaster"
"637","defense"
"638","t2"
"639","intellectually"
"640","core"
"641","drafting"
"642","scrum"
"643","tableau"
"644","job"
"645","trouble"
"646","networking"
"647","polygraph"
"648","more"
"649","additional"
"650","jobrelated"
"651","publisher"
"652","pressure"
"653","funds"
"654","household"
"655","applications"
"656","plant"
"657","prevention"
"658","llc"
"659","370"
"660","coleman"
"661","rigorous"
"662","word"
"663","candidates"
"664","tibco"
"665","balancers"
"666","minimum"
"667","defense"
"668","scv"
"669","copy"
"670","orally"
"671","hours"
"672","job"
"673","addition"
"674","moral"
"675","publications"
"676","troubled"
"677","optim"
"678","networking"
"679","documentation"
"680","funding"
"681","preventative"
"682","candidates"
"683","applications"
"684","coldfusion"
"685","living"
"686","ensure"
"687","365"
"688","backhoe"
"689","throughout"
"690","integrity"
"691","expectation"
"692","sdlc"
"693","degree"
"694","corrective"
"695","hours"
"696","workers"
"697","adea"
"698","job"
"699","g"
"700","public"
"701","ensures"
"702","documentation"
"703","optimum"
"704","previous"
"705","right"
"706","skill"
"707","mandatory"
"708","36"
"709","capability"
"710","mornings"
"711","through"
"712","systems"
"713","backup"
"714","intellectual"
"715","sesa"
"716","degree"
"717","workers"
"718","exp"
"719","corporate"
"720","casper"
"721","hours"
"722","journalism"
"723","additional"
"724","troubleshooting"
"725","morning"
"726","enterprise"
"727","site"
"728","further"
"729","prevention"
"730","manner"
"731","app"
"732","354"
"733","interactive"
"734","banking"
"735","resume"
"736","systems"
"737","or"
"738","expon"
"739","cold"
"740","degree"
"741","hourly"
"742","workflows"
"743","truck"
"744","necessary"
"745","casp"
"746","correspondence"
"747","motivate"
"748","enterprise"
"749","puppet"
"750","pride"
"751","three"
"752","functionality"
"753","4"
"754","apparatus"
"755","managment"
"756","interest"
"757","banner"
"758","tsql"
"759","3yrs"
"760","about"
"761","site"
"762","or"
"763","expense"
"764","correspondance"
"765","coffee"
"766","casualty"
"767","deg"
"768","seasonal"
"769","workflow"
"770","hourly"
"771","most"
"772","adaptable"
"773","since"
"774","functions"
"775","previous"
"776","three"
"777","codes"
"778","necessary"
"779","parts"
"780","appearance"
"781","engineering"
"782","doctoral"
"783","mandarin"
"784","bamboo"
"785","systemsnetworks"
"786","interact"
"787","3rd"
"788","coding"
"789","expenses"
"790","worker"
"791","cassandra"
"792","needs"
"793","addendum"
"794","trucks"
"795","secondary"
"796","jobs"
"797","hour"
"798","cost"
"799","fundamental"
"800","mondaysaturday"
"801","ability"
"802","pullmust"
"803","code"
"804","managers"
"805","engineering"
"806","monday"
"807","apple"
"808","partners"
"809","primary"
"810","doctor"
"811","interaction"
"812","results"
"813","band"
"814","3d"
"815","expectations"
"816","workday"
"817","add"
"818","trucks"
"819","cases"
"820","beginner"
"821","needy"
"822","corresponding"
"823","hotel"
"824","fundamental"
"825","jquery"
"826","situation"
"827","scope"
"828","paschen"
"829","applicable"
"830","those"
"831","primary"
"832","document"
"833","description"
"834","demonstrates"
"835","thorough"
"836","switches"
"837","restoration"
"838","worker"
"839","trusted"
"840","hot"
"841","behalf"
"842","cash"
"843","could"
"844","journeyman"
"845","fume"
"846","parts"
"847","enginering"
"848","admin"
"849","screen"
"850","applicant"
"851","manager"
"852","docuemnts"
"853","description"
"854","thorough"
"855","prince"
"856","interior"
"857","system"
"858","situational"
"859","restoration"
"860","hossain"
"861","needs"
"862","feeling"
"863","code"
"864","worker"
"865","cashiering"
"866","trunk"
"867","cost"
"868","journeylevel"
"869","workplaceeverify"
"870","mongodb"
"871","script"
"872","enginerring"
"873","administer"
"874","40"
"875","referrals"
"876","federal"
"877","hazmat"
"878","managers"
"879","fumes"
"880","particles"
"881","primavera"
"882","familiar"
"883","interested"
"884","system"
"885","sites"
"886","domain"
"887","applicant"
"888","restful"
"889","nginx"
"890","tsysmsp"
"891","hospitality"
"892","code"
"893","before"
"894","cash"
"895","federallocal"
"896","journals"
"897","monowara"
"898","mapping"
"899","scripting"
"900","engines"
"901","430"
"902","regard"
"903","principles"
"904","this"
"905","function"
"906","adjustments"
"907","domains"
"908","nightovernight"
"909","behavioral"
"910","interests"
"911","restful"
"912","tssci"
"913","cobol"
"914","standards"
"915","hooks"
"916","jscriptjavascript"
"917","workplace"
"918","particularly"
"919","mapreduce"
"920","scripting"
"921","monitoringperformance"
"922","reflection"
"923","this"
"924","400"
"925","principal"
"926","functional"
"927","approval"
"928","return"
"929","engines"
"930","contract"
"931","dojo"
"932","nexus"
"933","suspicion"
"934","industry"
"935","standing"
"936","honesty"
"937","federal"
"938","coat"
"939","case"
"940","works"
"941","behavioral"
"942","jsas"
"943","tubs"
"944","manufacturing"
"945","coworkers"
"946","must"
"947","thinker"
"948","adherence"
"949","months"
"950","full"
"951","this"
"952","deployment"
"953","particular"
"954","english"
"955","domain"
"956","contractor"
"957","reverse"
"958","enforcement"
"959","industries"
"960","nfpa"
"961","tuberculosis"
"962","scripts"
"963","premium"
"964","home"
"965","case"
"966","coach"
"967","behavior"
"968","approval"
"969","influential"
"970","jrun"
"971","month"
"972","dod"
"973","map"
"974","working"
"975","they"
"976","4156921568"
"977","fulltime"
"978","design"
"979","parttime"
"980","feet"
"981","contractor"
"982","retirementassisted"
"983","nlra"
"984","svn"
"985","starbucks"
"986","microsoftnet"
"987","behavior"
"988","40hrsweek"
"989","scrubber"
"990","home"
"991","premises"
"992","caserequirements"
"993","jquery"
"994","manufacture"
"995","documents"
"996","they"
"997","designing"
"998","parttime"
"999","surface"
"1000","no"
"1001","reference"
"1002","adhere"
"1003","fulltime"
"1004","control"
"1005","https"
"1006","pmp"
"1007","comfortably"
"1008","industry"
"1009","40hrs"
"1010","stakeholders"
"1011","scrubbers"
"1012","holidays"
"1013","micrsoft"
"1014","preparation"
"1015","workforce"
"1016","fully"
"1017","approved"
"1018","manufacturing"
"1019","carpentry"
"1020","judgment"
"1021","designs"
"1022","visibility"
"1023","bcm"
"1024","references"
"1025","participates"
"1026","suppression"
"1027","the"
"1028","retail"
"1029","hud"
"1030","prepaid"
"1031","contracts"
"1032","comfortable"
"1033","nights"
"1034","virtualization"
"1035","engine"
"1036","inforeliance"
"1037","401k"
"1038","middleware"
"1039","holidays"
"1040","workload"
"1041","approvedaccredited"
"1042","schooling"
"1043","working"
"1044","carpentry"
"1045","registration"
"1046","dodd"
"1047","judgement"
"1048","from"
"1049","designs"
"1050","visa"
"1051","pm"
"1052","manual"
"1053","these"
"1054","participantfemaleminorityveterandisability"
"1055","administrative"
"1056","control"
"1057","hudson"
"1058","engineer"
"1059","nixon"
"1060","holder"
"1061","510"
"1062","midnight"
"1063","pig"
"1064","carpet"
"1065","fat"
"1066","would"
"1067","science"
"1068","fast"
"1069","approximately"
"1070","therein"
"1071","parking"
"1072","registrar"
"1073","manuals"
"1074","jsp"
"1075","frontfacing"
"1076","dwelling"
"1077","these"
"1078","washing"
"1079","human"
"1080","resumes"
"1081","administrator"
"1082","combination"
"1083","surfaces"
"1084","news"
"1085","standard"
"1086","information"
"1087","5"
"1088","mike"
"1089","preparation"
"1090","picture"
"1091","carrier"
"1092","fastpaced"
"1093","parents"
"1094","science"
"1095","therefore"
"1096","regression"
"1097","visual"
"1098","appurtenances"
"1099","administrative"
"1100","engineerintraining"
"1101","jsonjsonp"
"1102","dynamic"
"1103","bba"
"1104","fuel"
"1105","support"
"1106","human"
"1107","must"
"1108","resumes"
"1109","conversion"
"1110","combination"
"1111","hokiemart"
"1112","newscast"
"1113","informatica"
"1114","480"
"1115","pick"
"1116","mil"
"1117","aptitude"
"1118","master"
"1119","wpm"
"1120","sciencecomputer"
"1121","duties"
"1122","registration"
"1123","jurisdiction"
"1124","full"
"1125","cdl"
"1126","desgin"
"1127","part"
"1128","support"
"1129","staffing"
"1130","color"
"1131","hunter"
"1132","interim"
"1133","controls"
"1134","visio"
"1135","responsibilities"
"1136","hoist"
"1137","information"
"1138","4500"
"1139","government"
"1140","physics"
"1141","military"
"1142","master"
"1143","farsi"
"1144","wpf"
"1145","new"
"1146","junit"
"1147","administration"
"1148","scienceengineering"
"1149","therapy"
"1150","vision"
"1151","cdlb"
"1152","apply"
"1153","design"
"1154","regards"
"1155","engineerig"
"1156","duty"
"1157","parkway"
"1158","hvac"
"1159","random"
"1160","staff"
"1161","color"
"1162","there"
"1163","visio"
"1164","news"
"1165","hive"
"1166","responsibility"
"1167","information"
"1168","physically"
"1169","stairs"
"1170","500"
"1171","february"
"1172","min"
"1173","endless"
"1174","prerequisites"
"1175","mass"
"1176","workshops"
"1177","theory"
"1178","sciences"
"1179","dusting"
"1180","cdrl"
"1181","apply"
"1182","staff"
"1183","collegiate"
"1184","pay"
"1185","administration"
"1186","endorsement"
"1187","newsworthy"
"1188","history"
"1189","vmware"
"1190","cook"
"1191","responsibilities"
"1192","informix"
"1193","stake"
"1194","physical"
"1195","5000"
"1196","featureintegration"
"1197","governmental"
"1198","masonry"
"1199","preparing"
"1200","judgments"
"1201","workshop"
"1202","them"
"1203","scom"
"1204","registered"
"1205","mhc"
"1206","rad"
"1207","duties"
"1208","hvacplumbing"
"1209","college"
"1210","upon"
"1211","payable"
"1212","endorsement"
"1213","next"
"1214","history"
"1215","conviction"
"1216","vldbs"
"1217","responsibilities"
"1218","micro"
"1219","informatoin"
"1220","physical"
"1221","fax"
"1222","5why"
"1223","legal"
"1224","demonstrate"
"1225","government"
"1226","schedule"
"1227","marriott"
"1228","during"
"1229","cda"
"1230","world"
"1231","their"
"1232","administration"
"1233","supervisory"
"1234","registered"
"1235","hygiene"
"1236","college"
"1237","sales"
"1238","coordinate"
"1239","cd"
"1240","newshour"
"1241","hiring"
"1242","microcontroller"
"1243","benefits"
"1244","good"
"1245","legally"
"1246","infrastructure"
"1247","patterns"
"1248","59"
"1249","fax"
"1250","prerequisites"
"1251","fairfax"
"1252","dust"
"1253","marketing"
"1254","worksite"
"1255","adult"
"1256","i"
"1257","recordmust"
"1258","collections"
"1259","schedule"
"1260","appreciation"
"1261","supply"
"1262","pay"
"1263","xmljunit381jms"
"1264","hires"
"1265","newsroom"
"1266","cooking"
"1267","benefits"
"1268","micrometer"
"1269","infosec"
"1270","good"
"1271","energetic"
"1272","each"
"1273","phr"
"1274","initial"
"1275","50+"
"1276","demonstrable"
"1277","presentation"
"1278","marketing"
"1279","adults"
"1280","vital"
"1281","wwwpbs"
"1282","cdla"
"1283","physical"
"1284","legends"
"1285","familiar"
"1286","windows"
"1287","approach"
"1288","records"
"1289","collection"
"1290","schedules"
"1291","the"
"1292","patient"
"1293","hire"
"1294","energeticinert"
"1295","i"
"1296","micrometers"
"1297","google"
"1298","vocational"
"1299","php"
"1300","50"
"1301","eager"
"1302","respectfully"
"1303","dental"
"1304","scheduling"
"1305","vocationaltechnical"
"1306","market"
"1307","wwwnpmaorg"
"1308","legislation"
"1309","fair"
"1310","supervisors"
"1311","cqe"
"1312","materials"
"1313","onthejob"
"1314","staffing"
"1315","appropriate"
"1316","patient"
"1317","hire"
"1318","energy"
"1319","cbap"
"1320","goods"
"1321","microsoft"
"1322","infrastructure"
"1323","math"
"1324","500pm"
"1325","everify"
"1326","schema"
"1327","initiative"
"1328","fairfax"
"1329","presentations"
"1330","respiratory"
"1331","ledger"
"1332","xactimate"
"1333","dental"
"1334","adt"
"1335","cqm"
"1336","that"
"1337","onsite"
"1338","supervisor"
"1339","the"
"1340","recovery"
"1341","sscp"
"1342","highway"
"1343","beverage"
"1344","goal"
"1345","cause"
"1346","iat"
"1347","vmware"
"1348","pathogens"
"1349","photoshop"
"1350","restaurant"
"1351","microsoft"
"1352","eg"
"1353","5407227264"
"1354","scholar"
"1355","presentation"
"1356","area"
"1357","vocational"
"1358","adolescent"
"1359","online"
"1360","ledger"
"1361","supervisory"
"1362","cpr"
"1363","colleagues"
"1364","agencies"
"1365","ssbi"
"1366","patience"
"1367","highly"
"1368","gmp"
"1369","beverage"
"1370","equpment"
"1371","ibm"
"1372","vmware"
"1373","microsoft"
"1374","area"
"1375","restaurant"
"1376","photographs"
"1377","material"
"1378","580"
"1379","school"
"1380","family"
"1381","adolescents"
"1382","injuries"
"1383","ccnaccnp"
"1384","oncall"
"1385","ebusiness"
"1386","demonstrated"
"1387","cprfirst"
"1388","writing"
"1389","supervisory"
"1390","dependability"
"1391","ssas"
"1392","wk"
"1393","highlight"
"1394","passport"
"1395","than"
"1396","goggles"
"1397","between"
"1398","icd"
"1399","photographer"
"1400","equivalent"
"1401","vsphere"
"1402","areahuman"
"1403","rest"
"1404","material"
"1405","tfs"
"1406","initio"
"1407","departments"
"1408","school"
"1409","families"
"1410","ccnasecurity"
"1411","adminstration"
"1412","familiarity"
"1413","lee"
"1414","email"
"1415","5xxx"
"1416","icfidd"
"1417","protective"
"1418","one"
"1419","dependable"
"1420","minoritiesfemalesdisabilityprotected"
"1421","srs"
"1422","past"
"1423","record"
"1424","best"
"1425","goals"
"1426","erosion"
"1427","aspx"
"1428","photocopiers"
"1429","category"
"1430","volunteer"
"1431","restbased"
"1432","areas"
"1433","mate"
"1434","innovation"
"1435","communication"
"1436","tests"
"1437","familiarity"
"1438","level"
"1439","6"
"1440","adobe"
"1441","departmental"
"1442","supervision"
"1443","dynamic"
"1444","written"
"1445","create"
"1446","protective"
"1447","one"
"1448","also"
"1449","dependable"
"1450","stable"
"1451","siding"
"1452","minoritiesfemalespeople"
"1453","global"
"1454","responsible"
"1455","category"
"1456","volumes"
"1457","areasmust"
"1458","communicate"
"1459","matching"
"1460","department"
"1461","503"
"1462","level"
"1463","innerworkings"
"1464","supervision"
"1465","erik"
"1466","facilities"
"1467","crane"
"1468","advise"
"1469","one"
"1470","masters"
"1471","e"
"1472","supervisor"
"1473","recruitingcgifederalcom"
"1474","ssrs"
"1475","dependent"
"1476","sigma"
"1477","responsive"
"1478","passion"
"1479","minoritieswomenprotected"
"1480","glasses"
"1481","comcareersindex"
"1482","masters"
"1483","behaviors"
"1484","504"
"1485","catheters"
"1486","inpatient"
"1487","onthejob"
"1488","department"
"1489","plans"
"1490","escalation"
"1491","affairs"
"1492","pass"
"1493","facility"
"1494","recruitment"
"1495","driving"
"1496","xpresso"
"1497","mintues"
"1498","ssms"
"1499","responsibility"
"1500","shutdowns"
"1501","gm"
"1502","comcareerscurrentopenings"
"1503","arms"
"1504","communicable"
"1505","wage"
"1506","innovative"
"1507","behind"
"1508","leveling"
"1509","50lbs"
"1510","tuning"
"1511","provide"
"1512","older"
"1513","erp"
"1514","creative"
"1515","advertisting"
"1516","face"
"1517","planning"
"1518","pass"
"1519","drools"
"1520","certification"
"1521","xpp"
"1522","redhat"
"1523","ssis"
"1524","side"
"1525","passenger"
"1526","mis"
"1527","machinery"
"1528","responsible"
"1529","around"
"1530","belt"
"1531","gloves"
"1532","communciation"
"1533","sql"
"1534","inputs"
"1535","lenses"
"1536","credential"
"1537","5186904658"
"1538","old"
"1539","tumor"
"1540","planning"
"1541","esmt"
"1542","superior"
"1543","reducehadoop"
"1544","certification"
"1545","year"
"1546","simultaneous"
"1547","drivers"
"1548","commonwealth"
"1549","mission"
"1550","machines"
"1551","disamiliawippagesiabaseline"
"1552","resident"
"1553","w"
"1554","olap"
"1555","proven"
"1556","turnover"
"1557","faculty"
"1558","7"
"1559","input"
"1560","spss"
"1561","aptitudes"
"1562","less"
"1563","escrow"
"1564","supervised"
"1565","recreational"
"1566","plannin"
"1567","adverse"
"1568","yard"
"1569","drivers"
"1570","mission"
"1571","machine"
"1572","common"
"1573","vss"
"1574","g"
"1575","equipment"
"1576","simultaneously"
"1577","offshore"
"1578","inspection"
"1579","letters"
"1580","7x"
"1581","arc"
"1582","advertising"
"1583","plan"
"1584","springmaven"
"1585","residential"
"1586","xml"
"1587","driver"
"1588","missions"
"1589","ghostmachine"
"1590","committees"
"1591","machinery"
"1592","signon"
"1593","glass"
"1594","pmto"
"1595","equal"
"1596","research"
"1597","min"
"1598","belt"
"1599","ftl"
"1600","plains"
"1601","supervise"
"1602","7+"
"1603","on"
"1604","architect"
"1605","credit"
"1606","springhibernate"
"1607","advanced"
"1608","xlst"
"1609","recruiter"
"1610","similar"
"1611","mtu"
"1612","committee"
"1613","htm"
"1614","licensecertification"
"1615","residency"
"1616","inspections"
"1617","waist"
"1618","provider"
"1619","summer"
"1620","equipmentsystems"
"1621","billing"
"1622","on"
"1623","turpitude"
"1624","place"
"1625","700"
"1626","architecting"
"1627","facts"
"1628","credit"
"1629","advanced"
"1630","certificate"
"1631","shooting"
"1632","squat"
"1633","xp"
"1634","driven"
"1635","miners"
"1636","machanics"
"1637","equipment"
"1638","ageappropriate"
"1639","pace"
"1640","license"
"1641","two"
"1642","inspections"
"1643","wages"
"1644","provider"
"1645","summary"
"1646","credentialing"
"1647","architecture"
"1648","63"
"1649","development"
"1650","omb"
"1651","requisitepro"
"1652","driver"
"1653","generally"
"1654","sqoop"
"1655","minimal"
"1656","certificates"
"1657","reasonable"
"1658","net"
"1659","mfdv"
"1660","commitment"
"1661","fiscal"
"1662","equivalency"
"1663","p6"
"1664","licensed"
"1665","research"
"1666","pl4the"
"1667","architectures"
"1668","wage"
"1669","psychiatric"
"1670","bilingual"
"1671","pl4"
"1672","own"
"1673","credentials"
"1674","600"
"1675","sundays"
"1676","development"
"1677","two"
"1678","sqlite"
"1679","dunn"
"1680","your"
"1681","short"
"1682","openldap"
"1683","generally"
"1684","minimum"
"1685","reasoning"
"1686","mfhveterandisability"
"1687","first"
"1688","commission"
"1689","afternoon"
"1690","equiv"
"1691","walking"
"1692","pss"
"1693","inspector"
"1694","during"
"1695","counseling"
"1696","sunday"
"1697","pl1"
"1698","60"
"1699","you"
"1700","requires"
"1701","shop"
"1702","types"
"1703","first"
"1704","commercial"
"1705","equivalent"
"1706","maintenance"
"1707","age"
"1708","pruning"
"1709","license"
"1710","walkie"
"1711","developer"
"1712","suite"
"1713","counsel"
"1714","sprayer"
"1715","plsql"
"1716","biology"
"1717","dtra"
"1718","6926"
"1719","centos"
"1720","yr"
"1721","operating"
"1722","suitable"
"1723","minimum"
"1724","geoint"
"1725","receivables"
"1726","type"
"1727","net"
"1728","commercial"
"1729","should"
"1730","firm"
"1731","asep"
"1732","maintenance"
"1733","pe"
"1734","walksitstand"
"1735","counselor"
"1736","affirmative"
"1737","levels"
"1738","developer"
"1739","proxy"
"1740","ready"
"1741","resources"
"1742","spray"
"1743","bioinformatics"
"1744","dump"
"1745","youth"
"1746","shortterm"
"1747","centers"
"1748","8x"
"1749","projections"
"1750","general"
"1751","mining"
"1752","command"
"1753","virginiagov"
"1754","shovel"
"1755","typically"
"1756","after"
"1757","operating"
"1758","ownership"
"1759","general"
"1760","fixed"
"1761","walk"
"1762","suites"
"1763","developers"
"1764","respect"
"1765","ipa"
"1766","typical"
"1767","real"
"1768","counseling"
"1769","biochemistry"
"1770","pli"
"1771","environmental"
"1772","sponsorship"
"1773","projects"
"1774","years"
"1775","certificate"
"1776","800"
"1777","drupal"
"1778","command"
"1779","open"
"1780","minor"
"1781","orgnewshour"
"1782","aspnet"
"1783","count"
"1784","devices"
"1785","real"
"1786","pipes"
"1787","environmental"
"1788","typing"
"1789","ntier"
"1790","iptables"
"1791","suite"
"1792","resource"
"1793","bills"
"1794","aap"
"1795","800am"
"1796","warehouse"
"1797","splunk"
"1798","complete"
"1799","ceritified"
"1800","five"
"1801","years"
"1802","open"
"1803","project"
"1804","drywall"
"1805","generalmarket"
"1806","asmx"
"1807","should"
"1808","overruns"
"1809","magellan"
"1810","life"
"1811","successfully"
"1812","dexterity"
"1813","affiliation"
"1814","counselor"
"1815","pinto"
"1816","environments"
"1817","reasonable"
"1818","resources"
"1819","issued"
"1820","ward"
"1821","complete"
"1822","n"
"1823","ceiling"
"1824","spring"
"1825","five"
"1826","you"
"1827","830am"
"1828","shift"
"1829","projectchange"
"1830","successful"
"1831","biweekly"
"1832","drug"
"1833","general"
"1834","aspaspnet"
"1835","typing"
"1836","openings"
"1837","overtime"
"1838","lieu"
"1839","county"
"1840","na"
"1841","diagnose"
"1842","agile"
"1843","pinnacle"
"1844","resolve"
"1845","eoe"
"1846","yoh"
"1847","ce"
"1848","spreadsheets"
"1849","proof"
"1850","75"
"1851","shields"
"1852","sufficient"
"1853","openings"
"1854","ged"
"1855","drug"
"1856","recipes"
"1857","fire"
"1858","bi"
"1859","aspnet"
"1860","us"
"1861","oversight"
"1862","macros"
"1863","county"
"1864","epa"
"1865","agilescrum"
"1866","resource"
"1867","na"
"1868","practitioner"
"1869","http"
"1870","completed"
"1871","wan"
"1872","proper"
"1873","lifeguardcpr"
"1874","overall"
"1875","center"
"1876","8"
"1877","spreadsheets"
"1878","such"
"1879","shift"
"1880","ge"
"1881","asq"
"1882","education"
"1883","bfs"
"1884","lifecycle"
"1885","unanticipated"
"1886","residents"
"1887","courses"
"1888","warehousing"
"1889","aggressive"
"1890","spreadsheet"
"1891","preemployment"
"1892","html5"
"1893","over"
"1894","810"
"1895","man"
"1896","shift"
"1897","gender"
"1898","subversion"
"1899","ooad"
"1900","finger"
"1901","education"
"1902","bfoq"
"1903","aspects"
"1904","changeovers"
"1905","equal"
"1906","course"
"1907","prestate"
"1908","resolution"
"1909","it"
"1910","warehouses"
"1911","specifications"
"1912","big"
"1913","html"
"1914","agile"
"1915","completion"
"1916","developments"
"1917","licenses"
"1918","overnight"
"1919","preemployment"
"1920","shifts"
"1921","couseworkcertification"
"1922","oop"
"1923","subversion"
"1924","manlifts"
"1925","bilingual"
"1926","financials"
"1927","recognized"
"1928","education"
"1929","uml"
"1930","change"
"1931","licensed"
"1932","agendas"
"1933","compassionate"
"1934","it"
"1935","epic"
"1936","article"
"1937","edits"
"1938","warehouse"
"1939","specifications"
"1940","nanotechnology"
"1941","relocate"
"1942","completion"
"1943","guest"
"1944","oneyear"
"1945","8c"
"1946","proposal"
"1947","oops"
"1948","sawmill"
"1949","successful"
"1950","firewalls"
"1951","overhead"
"1952","educ"
"1953","arts"
"1954","licensure"
"1955","chantilly"
"1956","court"
"1957","issues"
"1958","specification"
"1959","nail"
"1960","oneonone"
"1961","agent"
"1962","precision"
"1963","hrsyear"
"1964","device"
"1965","enthusiast"
"1966","complex"
"1967","paper"
"1968","propulsion"
"1969","guests"
"1970","8ds"
"1971","shoes"
"1972","desired"
"1973","malfunctioning"
"1974","success"
"1975","big"
"1976","saws"
"1977","arts"
"1978","firewall"
"1979","under"
"1980","licensing"
"1981","specifically"
"1982","marriotttaleonetcareersection2jobdetail"
"1983","comparable"
"1984","it"
"1985","enthusiastic"
"1986","pals"
"1987","precautions"
"1988","municipal"
"1989","hrsweek"
"1990","agency"
"1991","ship"
"1992","9"
"1993","cpa"
"1994","waste"
"1995","property"
"1996","desk"
"1997","challenges"
"1998","scale"
"1999","laptop"
"2000","firefox"
"2001","as"
"2002","bias"
"2003","gslc"
"2004","edition"
"2005","company"
"2006","unassisted"
"2007","municipal"
"2008","prefer"
"2009","itsm"
"2010","compliance"
"2011","agency"
"2012","testing"
"2013","shapes"
"2014","hris"
"2015","entry"
"2016","sphere"
"2017","parametric"
"2018","saturday"
"2019","guard"
"2020","cpim"
"2021","90"
"2022","washington"
"2023","property"
"2024","desk"
"2025","boilers"
"2026","making"
"2027","chain"
"2028","ones"
"2029","fireems"
"2030","recent"
"2031","editing"
"2032","scales"
"2033","yrs"
"2034","aid"
"2035","company"
"2036","ratios"
"2037","j"
"2038","large"
"2039","as"
"2040","predoctoral"
"2041","component"
"2042","iase"
"2043","hr"
"2044","paperwork"
"2045","entry"
"2046","protected"
"2047","shall"
"2048","80"
"2049","satisfactory"
"2050","was"
"2051","coverage"
"2052","boiler"
"2053","desktop"
"2054","majority"
"2055","scanner"
"2056","filings"
"2057","gsec"
"2058","zimmermann"
"2059","edit"
"2060","aidtova"
"2061","change"
"2062","undergraduate"
"2063","as9102"
"2064","companies"
"2065","itlsphtls"
"2066","largescale"
"2067","painter"
"2068","entrylevel"
"2069","www1eeocgovemployersuploadeeocselfprintposterpdf"
"2070","speed"
"2071","rbsmithapexsystemsinccom"
"2072","components"
"2073","sharepoint"
"2074","preferably"
"2075","testcomplete"
"2076","websiteathttp"
"2077","satisfactorily"
"2078","eeodrugfree"
"2079","board"
"2080","84121"
"2081","hr"
"2082","protection"
"2083","warrant"
"2084","filing"
"2085","scanning"
"2086","gsfc"
"2087","desirable"
"2088","ascp"
"2089","challenging"
"2090","aid"
"2091","community"
"2092","rd"
"2093","understanding"
"2094","last"
"2095","speeches"
"2096","curious"
"2097","preferable"
"2098","paint"
"2099","environment"
"2100","sharepoint"
"2101","eeoaa"
"2102","satern"
"2103","testdriven"
"2104","mvc"
"2105","hpalm"
"2106","board"
"2107","8570"
"2108","waterwastewater"
"2109","prospective"
"2110","language"
"2111","websites"
"2112","certify"
"2113","desirable"
"2114","ase"
"2115","occupation"
"2116","scenarios"
"2117","community"
"2118","recertification"
"2119","specialists"
"2120","understand"
"2121","preference"
"2122","occupational"
"2123","wwwinforeliance"
"2124","environment"
"2125","current"
"2126","comprehension"
"2127","sass"
"2128","test"
"2129","must"
"2130","pallet"
"2131","growth"
"2132","85701"
"2133","specialized"
"2134","hp"
"2135","protected"
"2136","desire"
"2137","bookkeeper"
"2138","water"
"2139","shell"
"2140","file"
"2141","certified"
"2142","websphere"
"2143","occupation"
"2144","agricultural"
"2145","java"
"2146","however"
"2147","rapid"
"2148","csp"
"2149","specialist"
"2150","assignment"
"2151","wwwmanagerhelpbuymitchell1nethowdoi"
"2152","preference"
"2153","environment"
"2154","communications"
"2155","she"
"2156","test"
"2157","painting"
"2158","mysql"
"2159","book"
"2160","water"
"2161","comprehensive"
"2162","assigned"
"2163","webtads"
"2164","managementsupport"
"2165","eeo1"
"2166","language"
"2167","groups"
"2168","cge"
"2169","financial"
"2170","930"
"2171","evaluator"
"2172","occupancy"
"2173","aha"
"2174","preferred"
"2175","proficient"
"2176","jacks"
"2177","special"
"2178","css"
"2179","understanding"
"2180","communications"
"2181","how"
"2182","page"
"2183","comprehensive"
"2184","my"
"2185","weblogic"
"2186","territory"
"2187","rates"
"2188","shield"
"2189","waste"
"2190","bonus"
"2191","cfc"
"2192","evaluations"
"2193","languages"
"2194","manager"
"2195","financial"
"2196","proficiently"
"2197","eeo"
"2198","agility"
"2199","oem"
"2200","of"
"2201","rational"
"2202","preferred"
"2203","j2se"
"2204","unexpired"
"2205","assignmentsrotations"
"2206","communication"
"2207","curriculum"
"2208","webservice"
"2209","wcf"
"2210","term"
"2211","housing"
"2212","comfortable"
"2213","navigation"
"2214","group"
"2215","shell"
"2216","bonus"
"2217","finance"
"2218","management"
"2219","eveningweekend"
"2220","ee"
"2221","9300"
"2222","certifications"
"2223","agreements"
"2224","proficiency"
"2225","odor"
"2226","j2ee"
"2227","uneven"
"2228","shy"
"2229","assignments"
"2230","pain"
"2231","several"
"2232","educationexperience"
"2233","details"
"2234","webservices"
"2235","teradata"
"2236","housekeeper"
"2237","wbs"
"2238","blood"
"2239","prelude"
"2240","navision"
"2241","group"
"2242","certificationdesignation"
"2243","management"
"2244","evening"
"2245","ajax"
"2246","lay"
"2247","95100"
"2248","educational"
"2249","javaj2ee"
"2250","proficient"
"2251","pregnancy"
"2252","importance"
"2253","specialty"
"2254","several"
"2255","website"
"2256","unifier"
"2257","current"
"2258","tenacious"
"2259","specific"
"2260","way"
"2261","blacksburg"
"2262","grocery"
"2263","nature"
"2264","fiber"
"2265","ten"
"2266","program"
"2267","saturdays"
"2268","certified"
"2269","lbs"
"2270","ajax"
"2271","9x"
"2272","javac++"
"2273","unica"
"2274","events"
"2275","specialty"
"2276","assisgnments"
"2277","currently"
"2278","sewer"
"2279","easy"
"2280","week"
"2281","black"
"2282","waxers"
"2283","naval"
"2284","groovy"
"2285","ten"
"2286","ffa"
"2287","certifications"
"2288","program"
"2289","powerbuilder"
"2290","detail"
"2291","evenings"
"2292","airport"
"2293","savings"
"2294","management"
"2295","9x"
"2296","read"
"2297","+"
"2298","improvement"
"2299","customers"
"2300","unit"
"2301","assistants"
"2302","weekdays"
"2303","severe"
"2304","birth"
"2305","ebs"
"2306","neat"
"2307","great"
"2308","ffe"
"2309","temporary"
"2310","detailoriented"
"2311","profient"
"2312","powered"
"2313","savvy"
"2314","ais"
"2315","900"
"2316","customizations"
"2317","java"
"2318","late"
"2319","evidence"
"2320","ease"
"2321","reading"
"2322","improvements"
"2323","meetings"
"2324","packages"
"2325","union"
"2326","assistant"
"2327","childhood"
"2328","weekend"
"2329","sexual"
"2330","we"
"2331","blueprints"
"2332","temporary"
"2333","job="
"2334","felony"
"2335","green"
"2336","profile"
"2337","powerful"
"2338","objects"
"2339","assemblymachine"
"2340","air"
"2341","necessarily"
"2342","law"
"2343","900am"
"2344","every"
"2345","reengineering"
"2346","united"
"2347","ease"
"2348","graphs"
"2349","packaged"
"2350","sex"
"2351","customer"
"2352","meeting"
"2353","weekends"
"2354","we"
"2355","blueprint"
"2356","powerpoint"
"2357","temperature"
"2358","children"
"2359","navy"
"2360","saml"
"2361","grease"
"2362","space"
"2363","programming"
"2364","detailed"
"2365","fields"
"2366","objects"
"2367","a"
"2368","ethical"
"2369","assembler"
"2370","law"
"2371","javascript"
"2372","sources"
"2373","airborne"
"2374","in"
"2375","reintegration"
"2376","graphics"
"2377","personal"
"2378","customer"
"2379","unit"
"2380","we"
"2381","chemistry"
"2382","powerpoint"
"2383","shainin"
"2384","same"
"2385","temperatures"
"2386","great"
"2387","06"
"2388","sourcing"
"2389","wed"
"2390","programs"
"2391","ethic"
"2392","web"
"2393","aide"
"2394","ndc"
"2395","laws"
"2396","javascript"
"2397","cuts"
"2398","occasionally"
"2399","in"
"2400","directions"
"2401","am"
"2402","ll"
"2403","universal"
"2404","medicine"
"2405","wednesdaysaturday"
"2406","personality"
"2407","sexually"
"2408","earned"
"2409","01072016"
"2410","childcare"
"2411","bls"
"2412","powershell"
"2413","telephone"
"2414","salt"
"2415","national"
"2416","blue"
"2417","field"
"2418","programmer"
"2419","etiquette"
"2420","assertive"
"2421","direction"
"2422","webbased"
"2423","aide"
"2424","chemical"
"2425","javaj2ee"
"2426","cutting"
"2427","early"
"2428","a4w"
"2429","units"
"2430","sales"
"2431","in"
"2432","nasa"
"2433","medication"
"2434","s"
"2435","wednesdaysunday"
"2436","personcentered"
"2437","jboss"
"2438","chemicals"
"2439","ppap"
"2440","telework"
"2441","lead"
"2442","special"
"2443","0"
"2444","field"
"2445","programming"
"2446","national"
"2447","ethics"
"2448","webbased"
"2449","chefpuppet"
"2450","customized"
"2451","briefings"
"2452","aacsb"
"2453","spanish"
"2454","servlets"
"2455","assessments"
"2456","grammar"
"2457","directly"
"2458","personal"
"2459","occasional"
"2460","medication"
"2461","indepth"
"2462","week"
"2463","foot"
"2464","early"
"2465","jaxb"
"2466","chemistry"
"2467","university"
"2468","ppe"
"2469","required"
"2470","lead"
"2471","01"
"2472","technology"
"2473","progressively"
"2474","assessment"
"2475","webintegrated"
"2476","briefing"
"2477","medicalsurgical"
"2478","graduation"
"2479","salary"
"2480","983273br"
"2481","indepth"
"2482","directly"
"2483","universalstandard"
"2484","occasional"
"2485","footwear"
"2486","welding"
"2487","jax"
"2488","1"
"2489","compensation"
"2490","leadbyexample"
"2491","breaks"
"2492","telecommunications"
"2493","nasw"
"2494","etl"
"2495","allocation"
"2496","project"
"2497","direct"
"2498","medical"
"2499","spaces"
"2500","assets"
"2501","graphic"
"2502","983281br"
"2503","person"
"2504","inrate"
"2505","salary"
"2506","office"
"2507","javascriptjquery"
"2508","practical"
"2509","12"
"2510","unix"
"2511","competencies"
"2512","welfare"
"2513","leader"
"2514","all"
"2515","technology"
"2516","natural"
"2517","breakdown"
"2518","require"
"2519","asset"
"2520","for"
"2521","criminal"
"2522","weather"
"2523","diplomacy"
"2524","progress"
"2525","evaluation"
"2526","checks"
"2527","inc"
"2528","ediscovery"
"2529","servsafe"
"2530","banquet"
"2531","9i10g11g"
"2532","mentality"
"2533","setting"
"2534","sage"
"2535","well"
"2536","permits"
"2537","graphic"
"2538","02092016"
"2539","university"
"2540","competency"
"2541","practical"
"2542","criminal"
"2543","lcac"
"2544","natural"
"2545","all"
"2546","required"
"2547","internally"
"2548","for"
"2549","progressive"
"2550","a"
"2551","weaving"
"2552","directing"
"2553","check"
"2554","permanently"
"2555","edep"
"2556","inches"
"2557","mental"
"2558","offeredsystem"
"2559","substantial"
"2560","practice"
"2561","request"
"2562","graduate"
"2563","food"
"2564","sasstatmacrographsql"
"2565","at"
"2566","09may2017"
"2567","crew"
"2568","competitive"
"2569","at"
"2570","unixlinux"
"2571","welldeveloped"
"2572","lcp"
"2573","technologies"
"2574","nationally"
"2575","alignment"
"2576","broad"
"2577","web"
"2578","chef"
"2579","abila"
"2580","international"
"2581","economics"
"2582","offered"
"2583","sets"
"2584","permanent"
"2585","graduate"
"2586","economic"
"2587","req"
"2588","mental"
"2589","12plsql"
"2590","practice"
"2591","food"
"2592","points"
"2593","crimes"
"2594","unix"
"2595","atrisk"
"2596","weeks"
"2597","estate"
"2598","complaints"
"2599","technologists"
"2600","nationally"
"2601","disabilitiesprotected"
"2602","16"
"2603","abilities"
"2604","product"
"2605","mower"
"2606","cheerful"
"2607","intermediate"
"2608","economics"
"2609","up"
"2610","seven"
"2611","substitution"
"2612","offices"
"2613","men"
"2614","graduation"
"2615","settings"
"2616","practices"
"2617","sas"
"2618","crisis"
"2619","techniques"
"2620","ldap"
"2621","estate"
"2622","foods"
"2623","alexandria"
"2624","at"
"2625","abilities"
"2626","procurement"
"2627","characteristics"
"2628","eclipse"
"2629","memory"
"2630","internal"
"2631","graduatecompletion"
"2632","conditions"
"2633","officer"
"2634","disabilities"
"2635","request"
"2636","unrelated"
"2637","perl"
"2638","both"
"2639","practicesvehicles"
"2640","13"
"2641","atdd"
"2642","sapexcel"
"2643","technologies"
"2644","uspto"
"2645","estimating"
"2646","learning"
"2647","critical"
"2648","disabled"
"2649","internet"
"2650","foods"
"2651","alarm"
"2652","abilities"
"2653","also"
"2654","servers"
"2655","conduct"
"2656","characteristic"
"2657","members"
"2658","ecology"
"2659","subject"
"2660","user"
"2661","governorment"
"2662","update"
"2663","permanant"
"2664","procurement"
"2665","welding"
"2666","atl"
"2667","boots"
"2668","sap"
"2669","estimates"
"2670","leasing"
"2671","1+"
"2672","estimation"
"2673","internet"
"2674","technique"
"2675","mqhornet"
"2676","aama"
"2677","inclusive"
"2678","production"
"2679","check"
"2680","already"
"2681","server"
"2682","possible"
"2683","member"
"2684","substance"
"2685","peripheral"
"2686","disability"
"2687","office"
"2688","governmentsagencies"
"2689","up"
"2690","what"
"2691","crisis"
"2692","sanitation"
"2693","requires"
"2694","elements"
"2695","least"
"2696","10"
"2697","international"
"2698","books"
"2699","techniques"
"2700","mq"
"2701","products"
"2702","charts"
"2703","post"
"2704","alpine"
"2705","off"
"2706","formal"
"2707","service"
"2708","incumbents"
"2709","director"
"2710","perl"
"2711","following"
"2712","grade"
"2713","atshris"
"2714","subscribers"
"2715","updates"
"2716","atmosphere"
"2717","what"
"2718","cross"
"2719","san"
"2720","requirements"
"2721","leave"
"2722","estimating"
"2723","utilities"
"2724","methodologies"
"2725","17"
"2726","technical"
"2727","director"
"2728","electronics"
"2729","mrperp"
"2730","internationally"
"2731","product"
"2732","postaccident"
"2733","incumbent"
"2734","off"
"2735","servers"
"2736","ofccp"
"2737","ab"
"2738","utility"
"2739","confidential"
"2740","cissp"
"2741","gps"
"2742","methodology"
"2743","periodicals"
"2744","whatever"
"2745","sample"
"2746","electronics"
"2747","etc"
"2748","branches"
"2749","leadership"
"2750","technician"
"2751","mro"
"2752","abd"
"2753","requirements"
"2754","production"
"2755","interpersonal"
"2756","independent"
"2757","hazards"
"2758","servicenow"
"2759","disabilities"
"2760","configuration"
"2761","citizen"
"2762","associate"
"2763","style"
"2764","periods"
"2765","postaccident"
"2766","fluently"
"2767","alphanumeric"
"2768","usually"
"2769","electronic"
"2770","branch"
"2771","requirement"
"2772","critical"
"2773","able"
"2774","1030pm"
"2775","technical"
"2776","interpersonalcommunication"
"2777","msql"
"2778","professional"
"2779","alone"
"2780","service"
"2781","of"
"2782","runs"
"2783","directorate"
"2784","configuration"
"2785","cisco"
"2786","assists"
"2787","wheelchairs"
"2788","subedi"
"2789","phone"
"2790","fmla"
"2791","crm"
"2792","essbase"
"2793","postbaccalaureate"
"2794","along"
"2795","ut"
"2796","100"
"2797","electronic"
"2798","above"
"2799","box"
"2800","methods"
"2801","internship"
"2802","ms"
"2803","requirements"
"2804","independently"
"2805","technical"
"2806","photo"
"2807","wellversed"
"2808","professionalism"
"2809","dictates"
"2810","services"
"2811","configure"
"2812","cism"
"2813","running"
"2814","utilizes"
"2815","cs"
"2816","subcontractors"
"2817","hazardous"
"2818","focus"
"2819","uptime"
"2820","especially"
"2821","associate"
"2822","postbachelor"
"2823","electrooptical"
"2824","requiredemployer"
"2825","motivations"
"2826","metrics"
"2827","interoffice"
"2828","abovementioned"
"2829","essential"
"2830","10key"
"2831","tech"
"2832","products"
"2833","diesel"
"2834","ace"
"2835","wet"
"2836","runner"
"2837","offense"
"2838","configure"
"2839","csisba"
"2840","cis"
"2841","services"
"2842","motivation"
"2843","buffers"
"2844","hazardous"
"2845","students"
"2846","postdoctoral"
"2847","senior"
"2848","requirement"
"2849","electrooptical"
"2850","alm"
"2851","abrahr"
"2852","10000"
"2853","interruptions"
"2854","metrics"
"2855","locally"
"2856","essential"
"2857","tech"
"2858","diesel"
"2859","rules"
"2860","phone"
"2861","crt"
"2862","weta"
"2863","cisa"
"2864","offcie"
"2865","utilization"
"2866","buffing"
"2867","always"
"2868","association"
"2869","professional"
"2870","advise"
"2871","studies"
"2872","intervention"
"2873","repeatedly"
"2874","senior"
"2875","posthire"
"2876","electrician"
"2877","motor"
"2878","abilitites"
"2879","metro"
"2880","teamoriented"
"2881","indesign"
"2882","phlebotomy"
"2883","rulers"
"2884","average"
"2885","professionals"
"2886","locations"
"2887","different"
"2888","build"
"2889","aluminum"
"2890","crystal"
"2891","have"
"2892","us"
"2893","studio"
"2894","associates"
"2895","postoffer"
"2896","cics"
"2897","1200"
"2898","motor"
"2899","ability"
"2900","metropolitan"
"2901","budget"
"2902","embedded"
"2903","teams"
"2904","series"
"2905","phd"
"2906","bachelora"
"2907","otain"
"2908","ruler"
"2909","proficiency"
"2910","circuit"
"2911","mentoring"
"2912","flow"
"2913","diagnostics"
"2914","individual"
"2915","builder"
"2916","location"
"2917","while"
"2918","va"
"2919","assurance"
"2920","hat"
"2921","who"
"2922","fluent"
"2923","study"
"2924","est"
"2925","sensitive"
"2926","poster"
"2927","teambased"
"2928","usacanada"
"2929","movein"
"2930","individual"
"2931","budget"
"2932","conflict"
"2933","professionally"
"2934","ruby"
"2935","1130pm"
"2936","flooring"
"2937","otc"
"2938","basic"
"2939","diagrams"
"2940","alternatively"
"2941","loads"
"2942","repetitive"
"2943","assurance"
"2944","although"
"2945","interview"
"2946","fluent"
"2947","structures"
"2948","menu"
"2949","ci"
"2950","usage"
"2951","day"
"2952","teamcentric"
"2953","audience"
"2954","112122we"
"2955","able"
"2956","email"
"2957","serve"
"2958","blank"
"2959","floor"
"2960","pharmacy"
"2961","repair"
"2962","loading"
"2963","professionals"
"2964","alternatively"
"2965","dialysis"
"2966","individuals"
"2967","whole"
"2968","other"
"2969","safety"
"2970","whose"
"2971","seriousness"
"2972","attributes"
"2973","utmost"
"2974","struts"
"2975","merchandise"
"2976","postings"
"2977","interviews"
"2978","quick"
"2979","cicd"
"2980","1495+"
"2981","day"
"2982","team"
"2983","movement"
"2984","congressional"
"2985","local"
"2986","diapers"
"2987","questions"
"2988","repair"
"2989","chris"
"2990","va"
"2991","other"
"2992","individuals"
"2993","exemplary"
"2994","when"
"2995","safety"
"2996","struts"
"2997","interview"
"2998","message"
"2999","quickbooks"
"3000","academy"
"3001","149demonstrated"
"3002","potential"
"3003","moveouts"
"3004","eligible"
"3005","dau"
"3006","usa"
"3007","team"
"3008","audiovisuals"
"3009","diploma"
"3010","server"
"3011","local"
"3012","repairs"
"3013","pet"
"3014","multitier"
"3015","exercise"
"3016","chrome"
"3017","questionnaire"
"3018","orthopedics"
"3019","budgeting"
"3020","hardworking"
"3021","safely"
"3022","industrial"
"3023","where"
"3024","comptia"
"3025","student"
"3026","interview"
"3027","alternative"
"3028","messagebroker"
"3029","pounds"
"3030","acceptance"
"3031","1230"
"3032","eligibility"
"3033","dba"
"3034","quickly"
"3035","teachers"
"3036","industrial"
"3037","audiences"
"3038","diploma"
"3039","multitasks"
"3040","logistics"
"3041","pet"
"3042","fluency"
"3043","quest"
"3044","hardware"
"3045","executive"
"3046","chiropractor"
"3047","osha"
"3048","safely"
"3049","comptia"
"3050","which"
"3051","strong"
"3052","valid"
"3053","alternate"
"3054","id"
"3055","149"
"3056","used"
"3057","metadata"
"3058","acceptable"
"3059","power"
"3060","eligibility"
"3061","teaching"
"3062","bsba"
"3063","authority"
"3064","diplomaged"
"3065","logistics"
"3066","flsa"
"3067","multidisciplinary"
"3068","pertinent"
"3069","handwriting"
"3070","safe"
"3071","osi"
"3072","amount"
"3073","amount"
"3074","vacation"
"3075","representative"
"3076","choices"
"3077","strongly"
"3078","metaframe"
"3079","idd"
"3080","absent"
"3081","power"
"3082","elevations"
"3083","executives"
"3084","computational"
"3085","use"
"3086","db2"
"3087","authority"
"3088","days"
"3089","1500"
"3090","tdd"
"3091","ot"
"3092","longterm"
"3093","cna"
"3094","multicultural"
"3095","sonic"
"3096","safari"
"3097","while"
"3098","amms"
"3099","hard"
"3100","flexibility"
"3101","structural"
"3102","vacations"
"3103","into"
"3104","eisenhower"
"3105","ide"
"3106","either"
"3107","use"
"3108","meters"
"3109","db"
"3110","abreast"
"3111","auto"
"3112","browsers"
"3113","will"
"3114","dcjs"
"3115","top"
"3116","someone"
"3117","saddle"
"3118","long"
"3119","difficult"
"3120","multiple"
"3121","americans"
"3122","populations"
"3123","hands"
"3124","orientationgender"
"3125","req"
"3126","flex"
"3127","chiropractic"
"3128","valley"
"3129","computer"
"3130","inventory"
"3131","efforts"
"3132","structure"
"3133","academic"
"3134","maven"
"3135","authorizations"
"3136","ideal"
"3137","clear"
"3138","broker"
"3139","will"
"3140","value"
"3141","digiloramo"
"3142","multimedia"
"3143","logic"
"3144","persuasive"
"3145","15"
"3146","tb"
"3147","dcid"
"3148","top"
"3149","american"
"3150","handson"
"3151","someone"
"3152","s"
"3153","personify"
"3154","flex"
"3155","exhaustive"
"3156","portal"
"3157","efficiently"
"3158","representatives"
"3159","computer"
"3160","invoices"
"3161","matters"
"3162","abuse"
"3163","stressful"
"3164","bsw"
"3165","pos"
"3166","roster"
"3167","ideal"
"3168","clear"
"3169","will"
"3170","source"
"3171","log4j"
"3172","1537hour"
"3173","dcno"
"3174","tcpip"
"3175","oriented"
"3176","digital"
"3177","tortoise"
"3178","personnel"
"3179","flair"
"3180","america"
"3181","handling"
"3182","valid"
"3183","rotational"
"3184","reportingfiling"
"3185","computers"
"3186","rally"
"3187","identification"
"3188","matter"
"3189","2"
"3190","bsee"
"3191","position"
"3192","root"
"3193","clean"
"3194","william"
"3195","logisticalprocurement"
"3196","digitaltech"
"3197","tax"
"3198","floodplain"
"3199","total"
"3200","am"
"3201","handling"
"3202","origin"
"3203","exceptional"
"3204","conceptmust"
"3205","randi"
"3206","strokes"
"3207","effectively"
"3208","identificationseals"
"3209","attention"
"3210","investigation"
"3211","matrix"
"3212","diverse"
"3213","why"
"3214","efficient"
"3215","23"
"3216","bscs"
"3217","position"
"3218","people"
"3219","rooms"
"3220","much"
"3221","varied"
"3222","cleaning"
"3223","sound"
"3224","logic"
"3225","tazewell"
"3226","touch"
"3227","flood"
"3228","deadlines"
"3229","sops"
"3230","exchange"
"3231","strong"
"3232","concepts"
"3233","reports"
"3234","investment"
"3235","mathematics"
"3236","attendance"
"3237","18"
"3238","ditch"
"3239","bsce"
"3240","position"
"3241","wide"
"3242","people"
"3243","classic"
"3244","accommodations"
"3245","flexible"
"3246","varies"
"3247","always"
"3248","tasksduties"
"3249","dds"
"3250","sound"
"3251","solutions"
"3252","excellent"
"3253","lowe"
"3254","concerns"
"3255","reports"
"3256","by"
"3257","organized"
"3258","accommodation"
"3259","range"
"3260","tova"
"3261","handlers"
"3262","attitude"
"3263","mathematics"
"3264","identifies"
"3265","19"
"3266","effective"
"3267","strategy"
"3268","positions"
"3269","roofing"
"3270","msw"
"3271","pedagogies"
"3272","wideorbit"
"3273","value"
"3274","multiline"
"3275","relevant"
"3276","c"
"3277","flexible"
"3278","ddl"
"3279","tax"
"3280","solutions"
"3281","ios"
"3282","analysis"
"3283","excellent"
"3284","eeoc"
"3285","room"
"3286","loyalty"
"3287","concise"
"3288","access"
"3289","quiet"
"3290","math"
"3291","diversity"
"3292","effective"
"3293","strategy"
"3294","26"
"3295","pediatrics"
"3296","educationcertifications"
"3297","wiims"
"3298","variable"
"3299","tasks"
"3300","multi"
"3301","releases"
"3302","ddg"
"3303","friday"
"3304","positive"
"3305","orientation"
"3306","execution"
"3307","analysis"
"3308","clarification"
"3309","lou"
"3310","r2"
"3311","solid"
"3312","distribution"
"3313","toward"
"3314","attn"
"3315","handle"
"3316","electricalelectronic"
"3317","2year"
"3318","winchester"
"3319","outreach"
"3320","tasks"
"3321","positively"
"3322","multiplatform"
"3323","reliable"
"3324","dl"
"3325","cnet"
"3326","conclusions"
"3327","friendly"
"3328","execution"
"3329","class"
"3330","solid"
"3331","roofing"
"3332","low"
"3333","towards"
"3334","accessibility"
"3335","halal"
"3336","race"
"3337","electrical"
"3338","24"
"3339","stress"
"3340","md"
"3341","identity"
"3342","educationqualification"
"3343","window"
"3344","posses"
"3345","peachtree"
"3346","taskduties"
"3347","frito"
"3348","reliable"
"3349","business"
"3350","concur"
"3351","daily"
"3352","town"
"3353","outputs"
"3354","civil"
"3355","exciting"
"3356","disturbance"
"3357","access"
"3358","radar"
"3359","hand"
"3360","story"
"3361","electrical"
"3362","identity"
"3363","mcse"
"3364","25"
"3365","emar"
"3366","windows"
"3367","pcsa"
"3368","from"
"3369","outstanding"
"3370","variety"
"3371","tasking"
"3372","concurrent"
"3373","key"
"3374","cycle"
"3375","some"
"3376","multitasking"
"3377","businesspublic"
"3378","traceability"
"3379","ave"
"3380","claims"
"3381","analogues"
"3382","loring"
"3383","distribution"
"3384","electric"
"3385","habits"
"3386","straight"
"3387","mba"
"3388","availability"
"3389","pcvs"
"3390","230"
"3391","wire"
"3392","outside"
"3393","relations"
"3394","possess"
"3395","multitask"
"3396","task"
"3397","key"
"3398","various"
"3399","some"
"3400","relational"
"3401","excel"
"3402","d"
"3403","account"
"3404","qualified"
"3405","condition"
"3406","traceability"
"3407","avectra"
"3408","frequent"
"3409","city"
"3410","20"
"3411","busy"
"3412","longer"
"3413","hadoop"
"3414","ies"
"3415","may"
"3416","together"
"3417","pca"
"3418","dmv"
"3419","damage"
"3420","possessmaintain"
"3421","vbs"
"3422","qualifications"
"3423","eo"
"3424","task"
"3425","outlook"
"3426","willing"
"3427","rubber"
"3428","conditioning"
"3429","account"
"3430","trach"
"3431","frequent"
"3432","rubbertired"
"3433","an"
"3434","accountable"
"3435","but"
"3436","civil"
"3437","gym"
"3438","electric"
"3439","tomcat"
"3440","contact"
"3441","strategic"
"3442","may"
"3443","willingness"
"3444","dmd"
"3445","possession"
"3446","release"
"3447","outgoing"
"3448","tanker"
"3449","vbscript"
"3450","qualifications"
"3451","northern"
"3452","excel"
"3453","damper"
"3454","justice"
"3455","available"
"3456","frequently"
"3457","routinely"
"3458","track"
"3459","an"
"3460","if"
"3461","citizenship"
"3462","burns"
"3463","sociology"
"3464","ejb"
"3465","habilitation"
"3466","tone"
"3467","store"
"3468","consulting"
"3469","pbs"
"3470","maximus"
"3471","normally"
"3472","relationships"
"3473","daily"
"3474","outlookemail"
"3475","possibilities"
"3476","excel"
"3477","routine"
"3478","accountabilities"
"3479","qualifications"
"3480","normal"
"3481","awardsrecognition"
"3482","kintana"
"3483","bus"
"3484","vaultwarehouse"
"3485","tracking"
"3486","if"
"3487","fri"
"3488","citrix"
"3489","analyzes"
"3490","software"
"3491","gun"
"3492","too"
"3493","pc"
"3494","win"
"3495","jamis"
"3496","routers"
"3497","contacts"
"3498","outlook"
"3499","accomplishment"
"3500","keystrokes"
"3501","awe"
"3502","framing"
"3503","dailyweeklymonthly"
"3504","bus"
"3505","emtintermediate"
"3506","vba"
"3507","problembased"
"3508","normal"
"3509","if"
"3510","relocation"
"3511","tractors"
"3512","lwardapexsystemsinccom"
"3513","2008"
"3514","social"
"3515","excell"
"3516","taleo"
"3517","gunnison"
"3518","tool"
"3519","stored"
"3520","payroll"
"3521","max"
"3522","wmd"
"3523","divisionlevel"
"3524","contact"
"3525","jcids"
"3526","rotations"
"3527","data"
"3528","outcomes"
"3529","vehicle"
"3530","franklinsouthampton"
"3531","business"
"3532","keyboard"
"3533","problem"
"3534","remedy"
"3535","emtparamedic"
"3536","trade"
"3537","qualifty"
"3538","citizenship"
"3539","20052008"
"3540","ii"
"3541","excellence"
"3542","sociology"
"3543","guidance"
"3544","analytical"
"3545","problems"
"3546","division"
"3547","stormwater"
"3548","tool"
"3549","m"
"3550","without"
"3551","vehicle"
"3552","database"
"3553","knowledge"
"3554","out"
"3555","mechanical"
"3556","talent"
"3557","nro"
"3558","accordingly"
"3559","stonecabinet"
"3560","keyboard"
"3561","avroparquet"
"3562","free"
"3563","building"
"3564","solaris"
"3565","trades"
"3566","lpn"
"3567","iii"
"3568","analysts"
"3569","2003"
"3570","guidelines"
"3571","dmas"
"3572","tooling"
"3573","container"
"3574","wood"
"3575","autocad"
"3576","mechanic"
"3577","dan"
"3578","clinic"
"3579","knowledge"
"3580","now"
"3581","accordance"
"3582","vcin"
"3583","talented"
"3584","selfmotivated"
"3585","stonemarble"
"3586","problemsolving"
"3587","encompassing"
"3588","payables"
"3589","outdoorsindoors"
"3590","traffic"
"3591","qualified"
"3592","frequency"
"3593","iis"
"3594","2020"
"3595","buildings"
"3596","analystquality"
"3597","highest"
"3598","divisionlevel"
"3599","tools"
"3600","women"
"3601","data"
"3602","autocad"
"3603","meats"
"3604","content"
"3605","four"
"3606","vdot"
"3607","religion"
"3608","outdoor"
"3609","notice"
"3610","selfadvocacy"
"3611","payments"
"3612","accuracy"
"3613","trailer"
"3614","quality"
"3615","lpc"
"3616","ill"
"3617","software"
"3618","analystequivalent"
"3619","process"
"3620","contemporary"
"3621","20170"
"3622","tools"
"3623","period"
"3624","other"
"3625","with"
"3626","higher"
"3627","automation"
"3628","verbal"
"3629","not"
"3630","meat"
"3631","selfstarter"
"3632","relocation"
"3633","others"
"3634","bulky"
"3635","accumulo"
"3636","noise"
"3637","evoc"
"3638","fpga"
"3639","quality"
"3640","soil"
"3641","illness"
"3642","2016"
"3643","discrepancies"
"3644","process"
"3645","analyst"
"3646","contingent"
"3647","periodic"
"3648","plc"
"3649","witch"
"3650","highlevel"
"3651","date"
"3652","clientserver"
"3653","automated"
"3654","kitchen"
"3655","measuring"
"3656","steel"
"3657","otherwise"
"3658","accurately"
"3659","selfmotivated"
"3660","noncdl"
"3661","framework"
"3662","exaggerations"
"3663","qualitative"
"3664","train"
"3665","accurate"
"3666","analyst"
"3667","2012"
"3668","disclaimer"
"3669","illustrationgraphics"
"3670","procedures"
"3671","contingency"
"3672","soap"
"3673","within"
"3674","highend"
"3675","clients"
"3676","vehicles"
"3677","datastage"
"3678","automotive"
"3679","calls"
"3680","measures"
"3681","exact"
"3682","stem"
"3683","semiconductor"
"3684","no"
"3685","high"
"3686","framework"
"3687","our"
"3688","qualifying"
"3689","train"
"3690","forms"
"3691","continued"
"3692","performs"
"3693","proceedings"
"3694","illustrator"
"3695","quick"
"3696","endtoend"
"3697","soaprest"
"3698","lifting"
"3699","with"
"3700","regulatordamper"
"3701","highavailability"
"3702","anesthetist"
"3703","automations"
"3704","vendors"
"3705","databases"
"3706","calm"
"3707","measureable"
"3708","like"
"3709","knowledgeskills"
"3710","sterling"
"3711","no"
"3712","examination"
"3713","click"
"3714","semiskilled"
"3715","our"
"3716","accounting"
"3717","high"
"3718","query"
"3719","employer"
"3720","discrimination"
"3721","impeccable"
"3722","processing"
"3723","2153105663"
"3724","so"
"3725","andor"
"3726","verify"
"3727","opportunityaffirmative"
"3728","regulator"
"3729","availability"
"3730","measure"
"3731","can"
"3732","database"
"3733","send"
"3734","stlc"
"3735","client"
"3736","accounting"
"3737","none"
"3738","exam"
"3739","employer"
"3740","queries"
"3741","disaster"
"3742","continuous"
"3743","soa"
"3744","210"
"3745","performing"
"3746","disabled"
"3747","scan"
"3748","opportunityaffirmative"
"3749","automotive"
"3750","versionone"
"3751","and"
"3752","candidate"
"3753","rehabilitation"
"3754","trainee"
"3755","knowledge"
"3756","excavator"
"3757","clearquest"
"3758","medical"
"3759","calendar"
"3760","regulatory"
"3761","statistical"
"3762","ksh"
"3763","employerpaid"
"3764","social"
"3765","implementroll"
"3766","quantitative"
"3767","performance"
"3768","process"
"3769","continuous"
"3770","delicate"
"3771","skilled"
"3772","21"
"3773","verifiable"
"3774","opsec"
"3775","hibernate"
"3776","training"
"3777","status"
"3778","bachelors"
"3779","four"
"3780","example"
"3781","mediation"
"3782","and"
"3783","click"
"3784","nonspecialist"
"3785","qualitystage"
"3786","calipers"
"3787","accounts"
"3788","l"
"3789","acquisition"
"3790","disciplines"
"3791","employerpaid"
"3792","regular"
"3793","social"
"3794","implementation"
"3795","verbally"
"3796","lift"
"3797","forklifts"
"3798","2035"
"3799","delays"
"3800","processes"
"3801","verifiable"
"3802","optics"
"3803","hhs"
"3804","training"
"3805","media"
"3806","nontechnical"
"3807","and"
"3808","statutes"
"3809","contract"
"3810","clearcase"
"3811","select"
"3812","extensive"
"3813","22601"
"3814","acquisition"
"3815","employment"
"3816","labor"
"3817","implementations"
"3818","discipline"
"3819","regular"
"3820","disorders"
"3821","soapui"
"3822","opportunities"
"3823","formal"
"3824","understand"
"3825","veteran"
"3826","hha"
"3827","push"
"3828","call"
"3829","bachelor"
"3830","here"
"3831","trainings"
"3832","clearly"
"3833","media"
"3834","continuously"
"3835","external"
"3836","employment"
"3837","acquisiton"
"3838","labor"
"3839","soapui"
"3840","performance"
"3841","22314"
"3842","disktodisk"
"3843","delivery"
"3844","veteransexual"
"3845","opportunity"
"3846","anchor"
"3847","regulations"
"3848","object"
"3849","transcription"
"3850","herndon"
"3851","call"
"3852","bachelor"
"3853","conputer"
"3854","medsurg"
"3855","extended"
"3856","clearance"
"3857","cadence"
"3858","empowerment"
"3859","selection"
"3860","acquisitionrecruitment"
"3861","regulation"
"3862","processional"
"3863","analyzing"
"3864","22031"
"3865","vocationaleducational"
"3866","percentages"
"3867","format"
"3868","smart"
"3869","delivery"
"3870","disposition"
"3871","lines"
"3872","opportunity"
"3873","purchasing"
"3874","transcription"
"3875","oauth2"
"3876","statements"
"3877","mechanics"
"3878","very"
"3879","installation"
"3880","conservation"
"3881","background"
"3882","seleniumwebdriverjavatestng"
"3883","clearance"
"3884","emr"
"3885","selenium"
"3886","extensive"
"3887","cafeteria"
"3888","toed"
"3889","korean"
"3890","procs"
"3891","foreman"
"3892","smdi"
"3893","perceptive"
"3894","22003"
"3895","veteran"
"3896","antique"
"3897","opportunityadaaffirmative"
"3898","lineage"
"3899","$"
"3900","fh"
"3901","printers"
"3902","helpful"
"3903","any"
"3904","installation"
"3905","states"
"3906","relatedequiv"
"3907","backgrounds"
"3908","mechanicalelectrical"
"3909","transfers"
"3910","calculations"
"3911","toe"
"3912","kpis"
"3913","deliveries"
"3914","accurately"
"3915","fork"
"3916","per"
"3917","ant13"
"3918","operations"
"3919","linuxunix"
"3920","vevraa"
"3921","help"
"3922","nursing"
"3923","faaairport"
"3924","mechanical"
"3925","station"
"3926","related"
"3927","print"
"3928","emotions"
"3929","considerable"
"3930","institute"
"3931","python"
"3932","transit"
"3933","aor"
"3934","self"
"3935","objectives"
"3936","calculators"
"3937","todays"
"3938","backflow"
"3939","ksas"
"3940","diseases"
"3941","demands"
"3942","forklift"
"3943","per"
"3944","small"
"3945","operator"
"3946","vhdl"
"3947","linux"
"3948","answer"
"3949","emotionally"
"3950","state"
"3951","moderate"
"3952","installed"
"3953","externally"
"3954","python"
"3955","considerable"
"3956","seleniumwebdriverruby"
"3957","background"
"3958","transit"
"3959","apache"
"3960","relatedequivalent"
"3961","c++"
"3962","prior"
"3963","toc"
"3964","acls"
"3965","discussed"
"3966","hellipetc"
"3967","forklift"
"3968","disktocloud"
"3969","coop"
"3970","lin"
"3971","operatorcontroller"
"3972","veteransdisabledother"
"3973","smithfield"
"3974","another"
"3975","consideration"
"3976","eye"
"3977","peoplesoft"
"3978","limited"
"3979","prints"
"3980","heights"
"3981","stated"
"3982","instruction"
"3983","axis"
"3984","emotional"
"3985","apartment"
"3986","modern"
"3987","c++c"
"3988","22vac4067020"
"3989","toad"
"3990","security"
"3991","action"
"3992","demand"
"3993","ladders"
"3994","smoking"
"3995","operators"
"3996","veteranssexual"
"3997","for"
"3998","annual"
"3999","heavy"
"4000","objective"
"4001","pepsico"
"4002","reimbursable"
"4003","qmhpc"
"4004","expertise"
"4005","apex"
"4006","translation"
"4007","emmos"
"4008","b"
"4009","29"
"4010","to"
"4011","priorities"
"4012","cabinets"
"4013","stated"
"4014","act"
"4015","security"
"4016","forecast"
"4017","dishes"
"4018","smith"
"4019","demand"
"4020","operation"
"4021","lake"
"4022","annandale"
"4023","line"
"4024","objectoriented"
"4025","heavy"
"4026","instructor"
